name,id,tags,rarity,icon,desc,sortOrder,spawnWeight,motion,motionSpeed,restlessness,jitter,difficulty,progressRateMult,escapeRateMult,specialChance,mixChance,weightMax,weightMin,lengthMax,lengthMin,baseValue,starColours,constellationAges,minAberration,maxAberration,reachedBy,systemTags,regions,spriteDirection,comment
Abyssal Razorshrimp,abyssal_razorback_shrimp,"abyssal, crab",COMMON,graphics/catchrelease/fish/abyssal_razorback_shrimp.png,Flint-shelled and segmented past counting - several of those segments being perfect duplicates. The edges are sharper than the shape carrying them has any business supporting.,,12,TWITCHER,1.67,1.9,2.5,113,0.94,1.299,0.05,0.05,1.2,0.1,0.35,0.12,2400,,,,,POND,,ABYSSAL,167.81,
Abyssal Shard Lobster,abyssal_stoneplate_lobster,"abyssal, crab",UNCOMMON,graphics/catchrelease/fish/abyssal_stoneplate_lobster.png,Plated in something nearer slag than shell and cold enough to take skin off through a glove. It works its claws for a day after everything else in it has stopped.,,5,LUNGER,1.5,1.05,1.8,145,0.671,1.375,0.2,0.12,45.0,6.0,2.0,0.8,3200,,,,,POND,,ABYSSAL,216.21,
Abyssal Irisfin,abyssal_irisfin,"abyssal, fish",COMMON,graphics/catchrelease/fish/abyssal_irisfin.png,"A thousand eyes open and close in no order and never all at once. Crewmen who have gutted one report the pattern continues afterwards, on the inside.",,12,MIXED,1.45,1.9,2.5,122,1.062,0.896,,,45.0,6.0,2.0,0.8,2400,,,,,,,ABYSSAL,339.06,
Abyssal Gazer,abyssal_jack,"abyssal, fish",COMMON,graphics/catchrelease/fish/abyssal_jack.png,"One eye the size of a fist, slotted crosswise. Crewmen who hold the stare too long report it thrashing and suffocating, which it is not doing, and cannot.",,12,MIXED,1.67,0.7,2.8,137,0.969,1.077,,,45.0,6.0,2.0,0.8,2400,,,,,,,ABYSSAL,33.22,
Abyssal Necrophyte,abyssal_necrophyte,"abyssal, fish",COMMON,graphics/catchrelease/fish/abyssal_necrophyte.png,Comes up the line decaying and stops at about half. The smell carries through a closed airlock.,,12,MIXED,1.23,1.05,2.5,123,0.794,0.983,,,45.0,6.0,2.0,0.8,2400,,,,,BREACH_LAMP,,ABYSSAL,19.77,
Abyssal Aranea,abyssal_venemous_aranea,"abyssal, fish",COMMON,graphics/catchrelease/fish/abyssal_venemous_aranea.png,Neither fish nor spider and committed to both. The venom has resisted classification; medical advises against handling and the galley advises against everything else.,,12,MIXED,1.67,1.45,2.5,130,1.088,0.854,,,45.0,6.0,2.0,0.8,2400,,,,,BREACH_LAMP,,ABYSSAL,217.24,
Abyssal Yellowback,abyssal_yellowback,"abyssal, fish",COMMON,graphics/catchrelease/fish/abyssal_yellowback.png,The one abyssal catch that looks almost ordinary. The yellow is not pigment and does not stay on the fish.,,12,MIXED,1.45,1.05,2.5,128,1.01,0.992,,,45.0,6.0,2.0,0.8,2400,,,,,,,ABYSSAL,223.74,
Abyssal Rockfish,greenbelly_rockfish,"abyssal, fish",EPIC,graphics/catchrelease/fish/greenbelly_rockfish.png,A void carried where the stomach should be. Prolonged observation eventually reveals the other side. Under no circumstances should you wave back.,,1,MIXED,1.55,1.05,1.0,180,0.842,1.415,,,8.0,0.8,0.8,0.3,6400,,,,,BREACH_LAMP,,ABYSSAL,208.26,
Abyssal Ghost Manta,abyssal_ghost_manta,"abyssal, fish, special",LEGENDARY,graphics/catchrelease/fish/abyssal_ghost_manta.png,"A shadow with nothing casting it, wider than the rupture it came through. It has never completed itself and shows no sign of intending to.",,1,MIXED,1.6,0.7,2.5,199,0.703,2.568,,,420.0,60.0,5.5,2.0,9000,,,,,BREACH_LAMP,,ABYSSAL,312.02,
Abyssal Ridge Clam,abyssal_razorclam,"abyssal, mollusc",RARE,graphics/catchrelease/fish/abyssal_razorclam.png,Opens along three hinges. Reality permits two.,,2,LUNGER,1.55,1.05,1.6,163,0.771,1.738,0.25,0.15,8.0,0.8,0.8,0.3,4800,,,,,POND,,ABYSSAL,40.90,
Abyssal Nautilus,alfonzo_nautilus2,"abyssal, mollusc",UNCOMMON,graphics/catchrelease/fish/alfonzo_nautilus2.png,"A chambered shell wound inward, spiralling into itself past the point where there is anywhere left to go. Each chamber holds a little of the abyss it was pulled from.",,5,MIXED,1.27,1.05,2.5,145,0.899,1.248,,,45.0,6.0,2.0,0.8,3200,,,,,POND,,ABYSSAL,191.51,
Abyssal Eyestar,abyssal_phase_star,"abyssal, other",COMMON,graphics/catchrelease/fish/abyssal_phase_star.png,"Five arms, a hundred pupils, and no agreement between them about where the centre is. Holds together while watched and comes apart when it is not. Must be watched.",,12,MIXED,1.45,1.45,3.0,125,1.059,0.902,,,420.0,60.0,5.5,2.0,2400,,,,,BREACH_LAMP,,ABYSSAL,92.05,
Common Crag Crab,crab,crab,COMMON,graphics/catchrelease/fish/crab.png,"Comes up sideways and keeps going sideways across the deck until stopped. Has the correct number of legs for a crab - unusual, considering where it came from.",,16,SINKER,1.04,1.9,0.7,33,0.975,1.489,0.3,0.15,1.2,0.1,0.35,0.12,60,"RED, ORANGE",,,,,,"CORE_NE, RIM_NE",59.24,
Volturnian Crab,crab_blue,crab,COMMON,graphics/catchrelease/fish/crab_blue.png,"A shell like coloured glass and equally brittle. Despite the looks and the deceptive name, the taste is vile. Commonly used for quack medicinal purposes.",,12,SINKER,1.2,1.05,0.7,44,1.029,1.341,0.3,0.15,1.2,0.1,0.35,0.12,60,,,,,POND,,CORE_NW,120.71,
Adolescent Pyrcrab,crab_fat,crab,COMMON,graphics/catchrelease/fish/crab_fat.png,"Low, broad, and slow to commit to anything, which makes it one of the easier ones to have aboard. It runs warm to the touch, getting warmer the longer it is held.",,16,TWITCHER,0.89,1.05,0.7,38,1.081,1.858,0.12,0.05,8.0,0.8,0.8,0.3,60,"RED, ORANGE",,,,,,"CORE_SE, RIM_SE",122.11,
Adult Pyrcrab,crab_weird,crab,UNCOMMON,graphics/catchrelease/fish/crab_weird.png,"Full-grown, and hot enough to raise blisters through a work glove. Every crewman describes a different fault in it, and each is sure the others are wrong.",,5,SINKER,1.43,1.45,0.7,69,1.027,1.275,0.25,0.15,8.0,0.8,0.8,0.3,220,BLUE,,,,,,"CORE_NW, RIM_NW",327.53,
Volturnian Lobster,lober_blue,crab,COMMON,graphics/catchrelease/fish/lober_blue.png,"Blue-shelled and heavy, this pattern is near enough the true Askonian article to fetch the true price. Near enough is doing the work - the taste cannot keep up.",,12,SINKER,0.89,1.45,0.7,31,0.773,1.46,0.3,0.15,8.0,0.8,0.8,0.3,60,,,,,POND,,CORE_SE,128.45,
Rock Lobster,lober_default,crab,COMMON,graphics/catchrelease/fish/lober_default.png,"Grey, plain and gripping the line rather than being gripped by it. Good eating by the standards available out here, which is not a high bar.",,16,SINKER,1.04,1.05,0.7,39,0.827,1.274,0.3,0.15,8.0,0.8,0.8,0.3,60,,,,,POND,,RIM_NE,200.71,
Relic Crab,miscount,crab,EPIC,graphics/catchrelease/fish/largemouth_bass2.png,"A broad domed shell and long tail spine give it the familiar horseshoe-crab silhouette. Chips, scoring and shallow pits across the shell match damage recorded on an already-catalogued fossil cast, down to several hairline fractures near the rim.",,1,MIXED,1.4,1.05,0.6,145,0.744,1.289,,,10.0,2.0,1.2,0.5,2400,,,,0.6,,,"CORE_NE, CORE_SE",46.33,placeholder art
Hyperprawn,prawn,crab,COMMON,graphics/catchrelease/fish/prawn.png,"Translucent, thumb-length, and arriving by the hundred. The formations they hold while drifting must not be looked at for too long.",,16,TWITCHER,1.2,1.9,0.7,42,1.103,1.171,0.12,0.05,0.15,0.01,0.12,0.03,60,"YELLOW, ORANGE",,,,,,"CORE_SE, CORE_SW",10.37,
Steel Pipechovies,anchovy,fish,COMMON,graphics/catchrelease/fish/anchovy.png,"Arrives in bundles of five or six, each a straight length of dull steel with a mouth at the end. Makes for a solid replacement part in a pinch.",,16,WEAVER,1.08,0.7,0.5,56,0.902,1.546,0.2,0.1,0.15,0.01,0.12,0.03,60,,,,,,,CORE_NE,45.23,
Roider Mudfish,asteroid_mudfish,fish,COMMON,graphics/catchrelease/fish/asteroid_mudfish.png,"Bottom-feeder shape, bottom-feeder manner, in a medium with no bottom and no mud. Roider crews swear by them, which says more about roider crews than the fish.",,16,SINKER,0.89,1.05,1.0,34,0.91,1.712,0.3,0.15,8.0,0.8,0.8,0.3,60,,,,,POND,,RIM_SW,8.70,
Berylcuda,atlantic_cod,fish,COMMON,graphics/catchrelease/fish/atlantic_cod.png,"Green-scaled and hard as its namesake mineral, with a barracuda's jaw grafted onto a body that might as well be a nutripaste print from a standard domain ration pack.",,12,WEAVER,1.08,1.05,1.0,52,0.961,1.364,0.2,0.1,8.0,0.8,0.8,0.3,60,"RED, BROWN",,,,,,"CORE_NW, RIM_NW",315.16,
Cloudplate Tetra,azure_tufflefin,fish,COMMON,graphics/catchrelease/fish/azure_tufflefin.png,"Plated along the back in cloud-shaped scutes, armour against pressures hyperspace has never had. Collectors pay for the ones that came through symmetrical.",,12,WEAVER,0.79,1.05,1.0,42,0.603,2.132,0.2,0.1,1.2,0.1,0.35,0.12,60,"WHITE, YELLOW",,,,,,"CORE_NE, CORE_NW",22.68,
Tiger Sailfish,bannerfish,fish,COMMON,graphics/catchrelease/fish/bannerfish.png,"Trails a dorsal banner longer than the fish, striped like something that meant to be seen. The banner keeps trailing for a moment after the fish has stopped.",,12,WEAVER,0.94,1.05,1.0,47,0.861,1.702,0.2,0.1,1.2,0.1,0.35,0.12,60,"BLUE, WHITE",,,,,,"CORE_NE, RIM_NE",340.67,
Silver Slipstreamer,bar_jack,fish,COMMON,graphics/catchrelease/fish/bar_jack.png,"Silver, and already at speed, holding a heading as though the slipstream it left were still running under it. One of the few that behaves as its shape suggests.",,12,DARTER,1.08,0.7,1.4,64,0.979,1.315,0.2,0.1,45.0,6.0,2.0,0.8,60,,,0.25,,,,"CORE_NE, CORE_SE",34.13,
Green Bass,bass,fish,COMMON,graphics/catchrelease/fish/bass.png,"Green, blunt, and obliging. A shape with nothing stronger to settle into settles into a bass. Most survey outfits have stopped recording them.",,12,SMOOTH,1.1,1.05,1.0,47,1.229,1.268,0.2,0.1,8.0,0.8,0.8,0.3,60,,,,0.3,,,"CORE_SE, RIM_SE",27.79,
Jungle Snapper,bluegill,fish,COMMON,graphics/catchrelease/fish/bluegill.png,"Small, deep-bodied and marked in reds and greens like something raised under a canopy. Scientists are relatively certain that hyperspace features no trees, making this an irregularity.",,16,TWITCHER,1.04,1.45,1.0,40,1.015,1.382,0.12,0.05,1.2,0.1,0.35,0.12,60,,YOUNG,,,,,"RIM_NE, RIM_NW",347.09,
Blue Ochtogon Magifin,blue_ochtogon_magifin,fish,RARE,graphics/catchrelease/fish/blue_ochtogon_magifin.png,"A body plated in flat panels, too regular to be chance and lit along every seam. It is not built like an animal and does not move like one.",,2,MIXED,1.54,1.45,1.0,122,0.997,1.172,,,1.2,0.1,0.35,0.12,700,,,,,,theme_remnant,"RIM_NE, RIM_SE",219.25,
Blue Tang,blue_tang,fish,COMMON,graphics/catchrelease/fish/blue_tang.png,An untroubled blue that holds longer than most colours manage - the shape appears to suit whatever has assumed it.,,12,WEAVER,0.94,0.7,1.0,51,0.845,1.766,0.2,0.1,1.2,0.1,0.35,0.12,60,,OLD,,,,,"CORE_NW, RIM_NW",4.12,
Soul Bream,bream,fish,UNCOMMON,graphics/catchrelease/fish/bream.png,"Broad, plain, and quiet, and the crews who bring them in will not say how the name came about. Feels occupied rather than alive.",,5,MIXED,1.22,0.7,1.0,89,0.856,1.627,,,1.2,0.1,0.35,0.12,220,,OLD,0.25,,,,"RIM_SE, RIM_SW",21.55,
Venomous Sailfish,butterflyfish,fish,COMMON,graphics/catchrelease/fish/butterflyfish.png,"Sail-finned and patterned to warn rather than to hide, which turns out to be honest advertising for once - a claim oft confirmed by the hungry and destitute.",,12,SMOOTH,1.43,1.05,1.0,56,1.17,0.92,0.2,0.1,1.2,0.1,0.35,0.12,60,"ORANGE, YELLOW",,,,,,"CORE_NE, CORE_NW",321.06,
Ole' Carp,carp_boring,fish,COMMON,graphics/catchrelease/fish/carp_boring.png,"Grey, slow, and uninterested. Every ship of any age has one in the logs and not one crew remembers acquiring it.",,16,SMOOTH,0.94,0.7,0.3,46,1.098,1.587,0.2,0.1,1.2,0.1,0.35,0.12,60,,,,0.5,,,CORE_SW,211.93,
Credfish,carp_silver,fish,COMMON,graphics/catchrelease/fish/carp_silver.png,"Flat, hard-edged, and stamped along the flank with a figure the eye keeps trying to read as a denomination. Not legal tender in any port. This has stopped nobody.",,12,MIXED,1.1,1.05,1.0,57,0.958,1.372,,,1.2,0.1,0.35,0.12,60,,AVERAGE,,,,,"CORE_NW, CORE_SW",213.09,
Long Waller,catfish,fish,COMMON,graphics/catchrelease/fish/catfish.png,"Two metres of whiskered patience, feeling along a riverbed that is not there and never was. Crews find it endearing or unbearable, no ground in between.",,12,SINKER,0.89,0.7,1.0,38,0.739,1.595,0.3,0.15,45.0,6.0,2.0,0.8,60,,,,,POND,,"CORE_SE, CORE_SW",215.57,
Eelcat,eel_catfish,fish,COMMON,graphics/catchrelease/fish/eel_catfish.png,"Long, whiskered, and inclined to knot itself around whatever is nearest. The knots are not knots on inspection, but no better word has been offered.",,12,WEAVER,0.94,1.45,1.0,44,0.903,1.545,0.2,0.1,8.0,0.8,0.8,0.3,60,,,,,POND,,RIM_NE,227.65,
Bloody Damsel,garibaldi_damselfish,fish,UNCOMMON,graphics/catchrelease/fish/garibaldi_damselfish.png,"An orange so aggressive it reads as a warning light, and territorial about a territory that does not exist. Squares up to the drones the whole way in.",,5,LUNGER,1.64,1.45,1.7,87,1.095,1.513,0.2,0.12,1.2,0.1,0.35,0.12,220,ORANGE,,,,,,"CORE_NW, CORE_SW",41.86,
Goldfish,goldfish,fish,COMMON,graphics/catchrelease/fish/goldfish.png,"Ornamental, inedible, and entirely without fight, turning up on ships whose crews have been thinking about home. Good luck to some crews and a wasted cast to the rest.",,16,TWITCHER,0.89,1.9,1.0,32,1.124,1.717,0.12,0.05,1.2,0.1,0.35,0.12,60,"YELLOW, WHITE",,,,,,"CORE_NE, CORE_NW",316.55,
Bluefin Theta,gourami,fish,COMMON,graphics/catchrelease/fish/gourami.png,"Rises for air in a medium that has none, over and over, at the surface of nothing. The blue along the fin is the only part of it that ever holds still.",,12,FLOATER,1.1,1.45,1.0,36,0.94,1.61,0.3,0.15,8.0,0.8,0.8,0.3,60,,,,,POND,,"CORE_NW, RIM_NW",24.84,
Adolescent Razorspine,hatchetfish,fish,COMMON,graphics/catchrelease/fish/hatchetfish.png,"Thin as a blade and hard as steel, yet moving as if made of flesh. Grips perfectly, throws steady, has claimed more than one life in ill-advised bets.",,12,DARTER,0.94,1.05,1.0,55,0.941,1.423,0.2,0.1,1.2,0.1,0.35,0.12,60,,,,,,,CORE_SW,26.44,
Hull Grazer,hull_grazer,fish,RARE,graphics/catchrelease/fish/lober_default.png,"A broad-headed, heavy-bodied fish with plated hide and a wide sucking mouth set beneath the skull. Loose specimens readily clamp onto ship hulls, rasping away asteroid grit and settled space dust. The armour beneath is left untouched, if cleaner than before.",,2,SINKER,1.31,1.05,0.3,102,0.805,1.248,0.25,0.15,90.0,25.0,2.2,1.0,700,,,,0.6,,theme_derelict,"CORE_NE, RIM_NE",195.45,placeholder art
Silver Razorspine,iron_hatchetfish,fish,UNCOMMON,graphics/catchrelease/fish/iron_hatchetfish.png,"Grown out, with a thick plate of patterned steel protecting a leathery underside. Heavy enough to deform gear rated well above it. The metal carries crude forge-marks.",,5,DARTER,0.99,1.05,1.0,88,0.753,1.293,0.2,0.12,8.0,0.8,0.8,0.3,220,"BLUE, WHITE",,,,,,"RIM_NE, RIM_SE",29.33,
Mossy Bass,largemouth_bass,fish,COMMON,graphics/catchrelease/fish/largemouth_bass.png,Furred green along the back with something that is not moss but feels like it. Turns itself away from the sun if left unsupervised. Tastes exactly how it looks.,,12,SMOOTH,1.26,1.05,1.0,52,1.303,1.128,0.2,0.1,8.0,0.8,0.8,0.3,60,,YOUNG,,,,,"CORE_NE, CORE_SE",145.46,
Largemouth Bass,largemouth_bass2,fish,COMMON,graphics/catchrelease/fish/largemouth_bass2.png,"Big, blunt, obliging, and the most logged specimen in the Sector by a wide margin. Two together are never the same size, and never wrong the same way.",,12,SMOOTH,1.1,0.7,1.0,51,1.014,1.227,0.2,0.1,8.0,0.8,0.8,0.3,60,,,,0.6,,,RIM_SE,40.57,
Moiré Mackerel,mackerel,fish,COMMON,graphics/catchrelease/fish/mackerel.png,"Its dark bars slide, split and recombine continuously across an otherwise ordinary mackerel. The pattern never settles long enough to follow; looking at it for more than a few seconds strains the eyes.",,12,WEAVER,1.08,1.45,1.6,49,1.001,1.257,0.2,0.1,1.2,0.1,0.35,0.12,60,,YOUNG,,,,,"RIM_NE, RIM_NW",347.91,
Marlin,marlin,fish,UNCOMMON,graphics/catchrelease/fish/marlin.png,"Long bill, long body, and equally long resentment for being caught. Bringing one in is generally the end of the work for that watch, one way or the other.",,5,DARTER,1.15,0.85,1.5,99,0.808,1.121,0.2,0.12,420.0,60.0,5.5,2.0,220,,OLD,,,,,"CORE_NE, RIM_NE",59.67,
Pacu Pacu,pacu,fish,COMMON,graphics/catchrelease/fish/pacu.png,"Blunt, flat-toothed and disconcertingly human about the mouth. The teeth are the part of the pattern that came through cleanest.",,12,DARTER,0.79,1.05,1.0,50,0.878,1.636,0.2,0.1,1.2,0.1,0.35,0.12,60,"ORANGE, YELLOW",,,,,,"CORE_NW, CORE_SW",194.04,
Perch,perch,fish,COMMON,graphics/catchrelease/fish/perch.png,"Striped, spiny and thoroughly ordinary. Yes, completely ordinary. Yes.",,16,TWITCHER,1.04,1.05,1.0,43,1.009,1.399,0.12,0.05,1.2,0.1,0.35,0.12,60,,,,0.3,,,"CORE_SW, RIM_SW",41.50,
Plume Remora,plume_remora,fish,COMMON,graphics/catchrelease/fish/shad.png,"Thin and blue-white, it is usually found holding position behind a drive nozzle. It is highly resistant to heat and radiation, making the scales good reactor insulation in a pinch.",,12,SMOOTH,1.26,0.7,0.6,56,1.07,1.101,0.2,0.1,9.0,2.0,1.1,0.5,60,,,,0.4,,,"RIM_NW, RIM_SW",18.67,placeholder art
Pomfret,pomfret,fish,COMMON,graphics/catchrelease/fish/pomfret.png,"Silver, deep-bodied and easy to catch. Holds its shape better than most. Often a new crew's first catch and generally the only thing they remember about it.",,12,DARTER,0.79,1.45,1.0,47,1.05,1.737,0.2,0.1,8.0,0.8,0.8,0.3,60,,,,0.2,,,"CORE_SE, RIM_SE",20.32,
Pufferfish,pufferfish,fish,COMMON,graphics/catchrelease/fish/pufferfish.png,"Arrives slack and unimpressive, having concluded that the danger has passed. It has not.",,16,SMOOTH,0.94,1.05,1.0,42,0.989,1.284,0.2,0.1,1.2,0.1,0.35,0.12,60,,,,,,,CORE_SE,30.13,
Ballooner,pufferfish_blown,fish,UNCOMMON,graphics/catchrelease/fish/pufferfish_blown.png,"A pufferfish with its mind made up - inflated, spined, and declining to come back down. Cutting one open doesn't change the shape of the fish.",,5,FLOATER,1.43,1.05,1.6,72,0.778,1.365,0.25,0.15,8.0,0.8,0.8,0.3,220,,,0.25,,,,"RIM_SE, RIM_SW",38.52,
Deepwater Pufferfish,pufferfish_blue,fish,COMMON,graphics/catchrelease/fish/pufferfish_blue.png,"Blue and already inflated on the way through the rupture, as though something down there startled it. Nothing did, as far as the instruments can say.",,12,SMOOTH,1.1,1.45,1.0,44,1.074,1.093,0.2,0.1,1.2,0.1,0.35,0.12,60,"BLUE, WHITE",,,,,,"RIM_SE, RIM_SW",54.10,
Silver Star,quacken_alien_flying_fish,fish,UNCOMMON,graphics/catchrelease/fish/quacken_alien_flying_fish.png,"Winged, silver, gliding on a medium with nothing to glide upon. It matches no record in any Domain database, and xeno-survey has declined to take an interest.",,5,DARTER,1.14,1.05,1.0,93,0.971,1.264,0.2,0.12,8.0,0.8,0.8,0.3,220,,OLD,,,,,"RIM_NE, RIM_SE",217.53,
Gargantuan Waller,quacken_catfish,fish,UNCOMMON,graphics/catchrelease/fish/quacken_catfish.png,"A waller grown past all reason, heavy-headed and wrong about its own proportions. Takes two deckhands and a winch to move. Requires frequent moving between bays to account for the ever-increasing mass.",,5,SMOOTH,1.22,0.7,1.0,79,0.821,1.085,0.2,0.12,420.0,60.0,5.5,2.0,220,,OLD,,,,,"RIM_NW, RIM_SW",357.48,
Nemo,quacken_clownfish,fish,UNCOMMON,graphics/catchrelease/fish/quacken_clownfish.png,"Banded orange and white. Sealed in a bag of water nobody aboard put it in. The bag holds, and reads as standard plasteel on analysis.",,5,DARTER,0.84,1.45,1.0,80,0.987,1.862,0.2,0.12,1.2,0.1,0.35,0.12,220,,,,,POND,,CORE_NE,349.91,
Curious Damsel,quacken_damselfish,fish,UNCOMMON,graphics/catchrelease/fish/quacken_damselfish.png,"Small, bright, and inclined to follow machinery rather than flee it. Curiosity is not on the list of things these are supposed to be capable of.",,5,TWITCHER,1.64,1.45,1.7,78,0.863,1.817,0.05,0.05,1.2,0.1,0.35,0.12,220,,,,,,"theme_derelict, theme_remnant","CORE_NE, CORE_SE, RIM_SE",210.71,
Flarefin Koi,quacken_flarefin_koi,fish,COMMON,graphics/catchrelease/fish/quacken_flarefin_koi.png,"Fins like a flare going off, trailing light that illuminates nothing around it. Ornamental stock from a garden nobody has placed, on a world nobody has named.",,12,WEAVER,0.79,1.45,1.0,39,0.813,1.908,0.2,0.1,1.2,0.1,0.35,0.12,60,"BLUE, WHITE",,,,,,"RIM_NW, RIM_SW",281.38,
Stinkfish,quacken_stinkfish,fish,COMMON,graphics/catchrelease/fish/quacken_stinkfish.png,"The smell arrives first and outlasts the specimen by days. The compound responsible for this has never been isolated, which has not helped morale.",,16,TWITCHER,0.89,1.45,1.0,35,0.965,1.53,0.12,0.05,8.0,0.8,0.8,0.3,60,"RED, BROWN",,,,,,"CORE_SW, RIM_SW",138.32,
Blue Sea Tuna,quacken_tuna,fish,COMMON,graphics/catchrelease/fish/quacken_tuna.png,"Big, blue, and built to cross an ocean in a place that has never held one. It makes the crossing anyway, at speed, in whatever direction it happened to be pointed.",,12,DARTER,1.22,0.7,1.4,64,1.035,1.176,0.2,0.1,45.0,6.0,2.0,0.8,60,"WHITE, YELLOW",,,,,,"CORE_NE, RIM_NE",324.86,
Rainbow Carp,rainbow_carp,fish,COMMON,graphics/catchrelease/fish/rainbow_carp.png,"Ornamental, patterned in colours the ship's screens cannot quite render. Worth more to a collector than to a galley.",,12,SMOOTH,0.94,1.45,1.0,39,0.988,1.292,0.2,0.1,1.2,0.1,0.35,0.12,60,,,0.2,,,,"RIM_NE, RIM_SE",324.95,
Blind Crawler,red_drum,fish,UNCOMMON,graphics/catchrelease/fish/red_drum.png,"Eyeless, feeling its way along the bottom of a place with no bottom, and sounding a low note it needs water to make. It makes the note regardless, and keeps making it on the deck.",,5,SINKER,1.22,1.05,1.0,67,0.967,1.437,0.25,0.15,8.0,0.8,0.8,0.3,220,,,,,POND,,"CORE_SE, CORE_SW",325.14,
Red Snapper,red_snapper,fish,UNCOMMON,graphics/catchrelease/fish/red_snapper.png,"Deep red, sharp-toothed and a genuine fight. One of the few catches worth logging for its own sake.",,5,LUNGER,1.43,1.05,1.0,85,0.707,1.464,0.2,0.12,45.0,6.0,2.0,0.8,220,RED,,,,,,"CORE_SE, RIM_SE",34.97,
Coach,roach,fish,COMMON,graphics/catchrelease/fish/roach.png,"Small, silver, and absolutely everywhere. Named by a deckhand who found it funnier than it is, and the name went into the manifest before anyone could object.",,16,TWITCHER,1.2,1.45,1.0,45,1.071,1.243,0.12,0.05,0.15,0.01,0.12,0.03,60,,,,,,,"CORE_SW, RIM_SW",160.63,
Sulfur Diver,rock_bass,fish,COMMON,graphics/catchrelease/fish/rock_bass.png,"Mottled yellow, reeking of sulphur, and inclined to hold position rather than run. It outlasts pursuit rather than outpacing it, which works more often than it should.",,12,SMOOTH,0.94,0.7,1.0,46,0.783,1.262,0.2,0.1,8.0,0.8,0.8,0.3,60,"ORANGE, RED",,,,,,"RIM_NE, RIM_NW",339.12,
Storm Salmon,salmon,fish,UNCOMMON,graphics/catchrelease/fish/salmon.png,"Runs against a theoretical current, hard and in one direction, trailing charge the whole way. Nobody has established what it is running towards - or from.",,5,DARTER,1.14,0.7,1.5,97,0.939,1.355,0.2,0.12,45.0,6.0,2.0,0.8,220,,,0.3,,,,"CORE_NW, RIM_NW, RIM_SW",321.87,
Hammerhead,sensor_ghost,fish,RARE,graphics/catchrelease/fish/skate.png,"A compact fish assembled in the proportions of a Hammer-class torpedo, down to the blunt low-tech casing and tail fins. Once moving, it tends to keep one heading, which is reason enough to secure the transport tank.",,2,MIXED,1.77,0.7,0.4,134,0.875,1.522,,,18.0,4.0,1.6,0.7,700,,,,0.6,,,"CORE_NW, RIM_NW",47.12,placeholder art
Shad,shad,fish,COMMON,graphics/catchrelease/fish/shad.png,"Thin silver schooling stock with no school to join. It arrives alone, and conducts itself throughout as though it were among thousands.",,16,WEAVER,1.08,1.9,1.0,46,1.154,1.435,0.2,0.1,0.15,0.01,0.12,0.03,60,,,,,,,"RIM_NE, RIM_SE",15.55,
Silverback,silverback_carp,fish,COMMON,graphics/catchrelease/fish/silverback_carp.png,"Heavy through the shoulder and silver along the spine, throwing itself clear of a surface that does not exist. A hazard to the drones and occasionally to the crew.",,12,SMOOTH,1.26,1.45,1.5,49,1.154,0.944,0.2,0.1,45.0,6.0,2.0,0.8,60,,AVERAGE,,,,,"CORE_NW, RIM_NW",322.52,
Skate,skate,fish,COMMON,graphics/catchrelease/fish/skate.png,"Flat, winged, and gliding through space with otherworldly grace. It passes over the drones rather than through them, a distinction the machinery is not equipped to appreciate.",,12,FLOATER,1.26,1.05,0.6,44,0.997,1.43,0.3,0.15,45.0,6.0,2.0,0.8,60,,,,,BREACH_LAMP,,"CORE_NE, CORE_SE",46.54,
Spined Loach,spined_loach,fish,COMMON,graphics/catchrelease/fish/spined_loach.png,"Small, whiskered, and armed under the eye with a spine that catches on everything. More trouble than it is worth, and the trade prices it accordingly.",,16,SINKER,1.2,1.9,1.0,38,1.201,1.494,0.3,0.15,0.15,0.01,0.12,0.03,60,"RED, BROWN",,,,,,"CORE_NW, CORE_SW",223.86,
Ice Tuna,tuna_2,fish,UNCOMMON,graphics/catchrelease/fish/tuna_2.png,"Heavy, cold through, frosted along the flank, and the best eating in the catalogue by a comfortable distance. Worth every bit of the gear it costs to bring one in.",,5,WEAVER,0.88,1.05,1.0,80,0.652,1.722,0.2,0.12,45.0,6.0,2.0,0.8,220,"BROWN, RED",,,,,,"RIM_NW, RIM_SW",127.81,
Vulcan Cannonfish,vulcan_2,fish,RARE,graphics/catchrelease/fish/vulcan_2.png,"Blunt-nosed and barrel-bodied, built to the proportions of ordnance rather than of anything that ever swam. It assumed the shape nearest to hand, and found an autocannon.",,2,MIXED,1.77,1.05,1.3,130,0.964,1.255,,,45.0,6.0,2.0,0.8,700,,,,,,"theme_ruins, theme_derelict","CORE_NE, CORE_SE, RIM_NE, RIM_SE",321.14,
Weathervane,weathervane,fish,RARE,graphics/catchrelease/fish/hatchetfish.png,"Narrow and rigid, it points in the same direction through currents and handling. Compared with range data, the heading matches the nearest rupture.",,2,SMOOTH,1.54,0.7,0.15,119,1.034,1.09,0.25,0.15,12.0,3.0,1.4,0.6,700,,,,0.4,,,"CORE_SE, CORE_SW",30.96,placeholder art
Amberjack,yellowtail_amberjack,fish,COMMON,graphics/catchrelease/fish/yellowtail_amberjack.png,"Fast, yellow along the tail and a long fight for its size. Sought by crews who have grown tired of bass.",,12,DARTER,1.08,1.05,1.0,60,0.842,1.093,0.2,0.1,45.0,6.0,2.0,0.8,60,YELLOW,,,,,,"CORE_SE, CORE_SW",216.21,
Lantern Jack,lantern_jack,"fish, special",LEGENDARY,graphics/catchrelease/fish/marlin.png,"Built like an anglerfish at hauler scale, with a distress beacon for a lure. The signal is decades old but correctly formatted, and grows stronger at close range. Keep the comm link closed while hunting it.",,1,MIXED,1.76,0.7,0.6,196,0.635,1.809,,,500.0,80.0,6.0,2.5,9000,,,0.5,,BREACH_LAMP,,"CORE_NE, RIM_NE",54.05,placeholder art
The Quorum,quorum,"fish, special",LEGENDARY,graphics/catchrelease/fish/anchovy.png,"A school of roughly ten thousand silver fish. They turn together, take the hook together, and register as a single specimen. Dividing the school on deck does not change the tally, but will change the crew count.",,1,MIXED,2.02,1.9,1.4,191,0.983,1.23,,,700.0,200.0,8.0,3.0,9000,,,0.5,,BREACH_LAMP,,"CORE_SE, RIM_SE",38.37,placeholder art
Quorum Splinter,quorum_shard,"fish, special",RARE,graphics/catchrelease/fish/anchovy.png,"A dozen silver bodies holding formation around an empty centre. Attempts to count them overwhelmingly fail, the total showing only a single fish.",,0,DARTER,0.85,1.45,0.8,100,0.787,1.689,0.25,0.15,6.0,2.0,0.9,0.4,700,,,,,,,,40.63,
Slipstream Moray,slipstream_moray,"fish, special",LEGENDARY,graphics/catchrelease/fish/eel_catfish.png,"An eel long enough to qualify as a navigation hazard, found only where the fabric is close to breaking. Nearby slipstreams curve toward it, and plotted courses update to match.",,1,MIXED,2.0,1.05,0.4,200,0.875,1.555,,,300.0,40.0,9.0,4.0,9000,,,0.5,,BREACH_LAMP,,"CORE_NW, RIM_NW",225.76,placeholder art
Shimmerclam,clam,mollusc,COMMON,graphics/catchrelease/fish/clam.png,"Shut on arrival and shut since, against every tool rated for the job. The shell runs through colours it carries no pigment for.",,16,SINKER,0.89,0.7,0.2,38,0.757,1.518,0.3,0.15,0.15,0.01,0.12,0.03,60,,,,,POND,,CORE_NW,46.26,
Freight Clam,freight_clam,mollusc,UNCOMMON,graphics/catchrelease/fish/clam.png,"A clam with shell halves shaped like the jaws of a freight clamp, with locking lugs around the hinge. Closed, it could pass for cargo-securing hardware. Opened, it certainly does not.",,5,SINKER,1.22,0.7,0.25,71,0.763,1.419,0.25,0.15,160.0,40.0,2.0,0.9,220,,,,0.4,POND,,"CORE_NW, RIM_NW",53.40,placeholder art
Lunacyte,jellyfish_cyan,mollusc,UNCOMMON,graphics/catchrelease/fish/jellyfish_cyan.png,"Pale and unhurried, lit from within on a cycle that matches nothing aboard. Named by a crew that watched one for a full shift, and would not afterwards explain the name.",,5,FLOATER,1.22,0.7,0.4,71,0.858,1.826,0.25,0.15,1.2,0.1,0.35,0.12,220,"BROWN, RED",,,,,,"RIM_SE, RIM_SW",130.10,
Poison Jelly,jellyfish_green,mollusc,COMMON,graphics/catchrelease/fish/jellyfish_green.png,"Dangerous at the best of times, and tends to dissolve into extremely toxic slurry once exposed to water. This pattern has wiped out more than one crew through negligence.",,12,FLOATER,0.94,1.05,0.4,34,0.718,1.694,0.3,0.15,1.2,0.1,0.35,0.12,60,,,,,,,RIM_NW,132.41,
Aetherial Jelly,jellyfish_purple,mollusc,COMMON,graphics/catchrelease/fish/jellyfish_purple.png,"Barely present and barely holding, a shape more suggested than built. Handled roughly it comes apart, and the pieces do not stay pieces for long.",,12,FLOATER,0.94,1.45,0.4,31,1.011,2.115,0.3,0.15,1.2,0.1,0.35,0.12,60,,,,,BREACH_LAMP,,"RIM_NW, RIM_SW",83.20,
Mussel,mussel,mollusc,COMMON,graphics/catchrelease/fish/mussel.png,Clamped shut around an object that did not make the jump to realspace. Tastes better when not reminded of this fact.,,16,SINKER,0.89,1.05,0.2,34,0.924,1.659,0.3,0.15,0.15,0.01,0.12,0.03,60,,,,,POND,,CORE_NW,316.68,
Deep Terror,octopus_red,mollusc,EPIC,graphics/catchrelease/fish/octopus_red.png,"Eight arms, deep red, and a great deal better coordinated than the crew watching it. It gets into things, and it has never once been found where it was left.",,1,LUNGER,1.9,1.45,0.45,147,0.878,1.509,0.3,0.2,45.0,6.0,2.0,0.8,2400,,OLD,,,POND,,"CORE_NW, CORE_SW",117.98,
Yellow King,octopus_yellow,mollusc,EPIC,graphics/catchrelease/fish/octopus_yellow.png,"Carries markings that resolve, given long enough, into a stage play. Crews who read the second act are relieved of duty and locked in the brig indefinitely.",,1,MIXED,1.65,1.05,0.45,150,0.903,1.425,,,45.0,6.0,2.0,0.8,2400,"YELLOW, ORANGE",,0.25,,,,"RIM_NE, RIM_SE",138.81,
Undersea Bee,quacken_mini_jellfish,mollusc,UNCOMMON,graphics/catchrelease/fish/quacken_mini_jellfish.png,"Fist-sized, barely coherent, and arriving in swarms. They all behave as one animal, which no single one of them is built to be.",,5,TWITCHER,1.64,1.9,0.45,75,1.028,1.951,0.05,0.05,0.15,0.01,0.12,0.03,220,,,0.3,,BREACH_LAMP,,"CORE_NE, CORE_SE, RIM_NE, RIM_SE",4.43,
Mind Flayer,squid_blue,mollusc,EPIC,graphics/catchrelease/fish/squid_blue.png,"Nothing anyone has put in front of one has ever been eaten. Crew quartered near one lose hours first, then names, then the ability to read. The specimen gains mass.",,1,LUNGER,1.65,1.05,0.45,145,0.654,1.666,0.3,0.2,45.0,6.0,2.0,0.8,2400,BLUE,,0.3,,,,,1.81,
Crystal Aberration,squid_cyan,mollusc,RARE,graphics/catchrelease/fish/squid_cyan.png,"Faceted and rigid, lit from within in shimmering colours. The arms crackle and splinter with every movement, an ailment transferable by touch.",,2,LUNGER,1.77,1.05,0.45,125,0.817,1.743,0.25,0.15,45.0,6.0,2.0,0.8,700,,,0.25,,,,"RIM_SE, RIM_SW",185.46,
Giant Squid,squid_red,mollusc,UNCOMMON,graphics/catchrelease/fish/squid_red.png,"Deep red, long-armed and inking freely, which is a problem when the ink does not stay where it lands. Bring a bucket, something to put under the bucket, and something to put all of that into.",,5,LUNGER,1.43,1.45,0.45,82,0.93,1.38,0.2,0.12,45.0,6.0,2.0,0.8,220,,,0.25,,,,"CORE_NE, RIM_NE",341.03,
Corona Shark,corona_moth,other,RARE,graphics/catchrelease/fish/butterflyfish.png,"Mirror-skinned and unmistakably shark-shaped. It dives through the corona of its star as though hunting, though it never returns with any visible prey. Taken beyond the vicinity of its origin, it withers into a rigid, statue-like form.",,2,FLOATER,1.54,0.7,0.5,111,0.861,1.773,0.25,0.15,6.0,1.0,1.1,0.4,700,"YELLOW, ORANGE",,,0.6,,,"CORE_SW, RIM_SW",320.28,placeholder art
Volley Dolphin,cutout,other,EPIC,graphics/catchrelease/fish/bass.png,"A compact dolphin that bats floating objects back and forth with striking accuracy. Feed scoops, marker buoys and cleaning floats become playthings; tank crews learn to clear loose gear before opening the lid.",,1,MIXED,1.9,1.45,0.35,152,1.132,1.378,,,4.0,0.5,1.5,0.6,2400,"NEUTRON, BLACK_HOLE",,,,,,,26.68,placeholder art
Egg,egg,other,RARE,graphics/catchrelease/fish/egg.png,"Hyperspace does not spawn, so this is a shape with no process behind it. It has never hatched, and standing orders are not to wait around and find out.",,2,LUNGER,1.31,0.7,0.15,119,0.7,2.38,0.25,0.15,0.15,0.01,0.12,0.03,700,,,0.35,,BREACH_LAMP,,"CORE_SW, RIM_NW, RIM_SW",34.43,
Bulkhead Turtle,keystone,other,RARE,graphics/catchrelease/fish/vulcan_2.png,"A heavy turtle with a shell of flat machined plates bearing clean tool marks. A part number is stamped beneath the rear plate, but no available catalogue recognizes it. Handling crews use a lifting frame.",,2,SINKER,1.31,0.7,0.2,106,0.745,1.455,0.25,0.15,120.0,30.0,1.8,0.8,700,,,,0.4,,"theme_ruins, theme_remnant","CORE_NW, CORE_SW, RIM_NW, RIM_SW",318.79,placeholder art
Larva,larva,other,UNCOMMON,graphics/catchrelease/fish/larva.png,A thing between shapes that stopped between them. Reality let it stand on the grounds that larvae are permitted to be unfinished.,,5,TWITCHER,1.43,1.45,0.6,73,0.846,1.889,0.05,0.05,0.15,0.01,0.12,0.03,220,,,0.3,,BREACH_LAMP,,"CORE_SW, RIM_NW, RIM_SW",183.64,
Waterpillar,larva_caterpillar,other,COMMON,graphics/catchrelease/fish/larva_caterpillar.png,"Segmented and ringed, moving in a wave with nothing available to push against. A pattern common on land, which raises the question of where it came from.",,16,TWITCHER,1.04,0.7,0.5,47,0.967,1.524,0.12,0.05,0.15,0.01,0.12,0.03,60,,AVERAGE,,,BREACH_LAMP,,"CORE_SE, RIM_SE",33.25,
Emmerling,larva_emmerling,other,UNCOMMON,graphics/catchrelease/fish/larva_emmerling.png,"Named by the crew that recorded the first, and the name held for want of a competing suggestion. No template has been found for it, in Domain records or since.",,5,TWITCHER,1.43,1.9,0.5,70,0.863,1.819,0.05,0.05,0.15,0.01,0.12,0.03,220,,YOUNG,,,BREACH_LAMP,,"RIM_NE, RIM_NW",39.29,
Nav Turtle,nav_bobber,other,COMMON,graphics/catchrelease/fish/pufferfish_blown.png,A squat turtle whose shell reads at a glance as a navigation buoy casing. It holds station without an anchor and blinks a valid registration assigned to no vessel.,,12,FLOATER,0.94,0.7,0.5,38,0.859,1.927,0.3,0.15,30.0,8.0,1.2,0.6,60,,,,0.4,,,"CORE_NE, RIM_NE",41.58,placeholder art
Skelleton,skelleton,other,RARE,graphics/catchrelease/fish/skelleton.png,Reality took the skeleton and declined the rest. Misspelled on the first survey sheet and every sheet since.,,2,LUNGER,1.54,1.45,1.4,117,0.907,1.417,0.25,0.15,1.2,0.1,0.35,0.12,700,,,0.4,,BREACH_LAMP,,"CORE_NW, CORE_SW, RIM_SW",335.29,
Banana Star,starfish_banana,other,COMMON,graphics/catchrelease/fish/starfish_banana.png,"Five arms, yellow, curved, and jointed where arms are not jointed. Named by a crewman who has since been quietly reassigned. Extremely venomous. Tastes like banana.",,12,SINKER,1.2,0.7,0.5,48,0.982,1.474,0.3,0.15,1.2,0.1,0.35,0.12,60,,,,,POND,,CORE_SW,81.63,
Crusty Star,starfish_blue,other,COMMON,graphics/catchrelease/fish/starfish_blue.png,"Blue, rough as old plating and entirely indifferent to being caught. Carries on doing whatever it was doing the whole way up.",,16,SINKER,1.04,0.7,0.3,43,1.104,1.768,0.3,0.15,1.2,0.1,0.35,0.12,60,,,,,POND,,RIM_NW,96.09,
Crystal Star,starfish_crystal,other,RARE,graphics/catchrelease/fish/starfish_crystal.png,"Rigid, faceted, and ringing faintly whenever it is set down on anything hard. It appears in safety briefings, under the handling section, as the example.",,2,SINKER,1.54,1.05,0.35,107,0.999,1.318,0.25,0.15,1.2,0.1,0.35,0.12,700,"NEUTRON, BLACK_HOLE",,,,,,,88.81,
Leafy Star,starfish_green,other,UNCOMMON,graphics/catchrelease/fish/starfish_green.png,"Soft-armed, and regenerating anything taken off it faster than the available material accounts for while exposed to light.",,5,MIXED,1.43,1.05,0.5,90,0.801,1.14,,,1.2,0.1,0.35,0.12,220,,,0.3,,POND,,"CORE_NW, CORE_SW, RIM_NW",91.77,
Scraggly Star,starfish_scraggly,other,COMMON,graphics/catchrelease/fish/starfish_scraggly.png,"Thin-armed, uneven, and short one point - and never the same point twice. The fabric appears to have made an accounting error here, and elected to let it stand.",,16,SINKER,1.04,1.45,0.8,36,0.985,1.46,0.3,0.15,0.15,0.01,0.12,0.03,60,,,,,POND,,"CORE_SE, RIM_SE",91.27,
False Dawn,false_dawn,"other, special",LEGENDARY,graphics/catchrelease/fish/jellyfish_cyan.png,The sensor plot logs it as a faint star with steady parallax until the breach lights come on. At close range it is a bright jellyfish-like shape that gives off an unimaginable amount of heat and is best stored in a spare onboard reactor.,,1,MIXED,2.02,1.45,0.3,194,0.941,1.342,,,120.0,20.0,2.5,1.0,9000,,,0.5,,BREACH_LAMP,,"CORE_SW, RIM_SW",131.19,placeholder art
The Imposter,longliner,"other, special",LEGENDARY,graphics/catchrelease/fish/iron_hatchetfish.png,"At range it presents the profile, mass and transponder return of one of the Fisherman's boats. Once exposed by breach lights, the return resolves into a heavy whale-shaped body with broad flukes and a blunt head. The transponder code remains the same.",,1,MIXED,1.5,1.05,0.5,187,0.721,1.406,,,600.0,150.0,7.0,3.0,9000,,,0.5,,BREACH_LAMP,,"CORE_NE, CORE_NW, CORE_SE, CORE_SW",33.86,placeholder art
